{
  "accuracy": 0.82,
  "precision": 0.8205128205128206,
  "recall": 0.82,
  "f1_score": 0.8199279711884754
}